2025-09-23_14-21-41,None,draft.py:2025-09-23_14-21-41
2025-09-23_14-24-42,None,draft.py:2025-09-23_14-21-41
2025-09-23_14-24-56,None,draft.py:2025-09-23_14-21-41
2025-09-23_14-25-03,None,draft.py:2025-09-23_14-21-41
2025-09-23_14-25-16,None,draft.py:2025-09-23_14-21-41
2025-09-28_19-18-01,None,draft.py:2025-09-28_19-18-01
2025-09-28_19-18-02,None,draft.py:2025-09-28_19-18-01
2025-09-28_19-18-04,None,draft.py:2025-09-28_19-18-01
2025-09-28_19-18-06,None,draft.py:2025-09-28_19-18-01
2025-09-29_18-13-28,None,draft.py:2025-09-28_19-18-01
2025-09-29_18-13-28,None,draft.py:2025-09-28_19-18-01
